instant,date,season,year,month,is holiday,day of week,is work day,weather,temp,felt temp,humidity,windspeed,casual,registered,total riders
478,2012-04-22,2:summer,1,4,0,0:sunday,0,3,0.396667,0.389504,0.835417,0.344546,120,907,1027
528,2012-06-11,2:summer,1,6,0,1:monday,1,2,0.720833,0.659721,0.587917,0.207713,1017,5647,6664
315,2011-11-11,4:winter,0,11,1,5:friday,0,1,0.324167,0.306817,0.44625,0.314675,440,2928,3368
632,2012-09-23,4:winter,1,9,0,0:sunday,0,1,0.529167,0.518933,0.46708299999999997,0.22325799999999998,2454,5453,7907
653,2012-10-14,4:winter,1,10,0,0:sunday,0,1,0.521667,0.508204,0.640417,0.27861199999999997,2080,4559,6639
702,2012-12-02,4:winter,1,12,0,0:sunday,0,2,0.3475,0.35920799999999997,0.823333,0.12437899999999999,892,3757,4649
317,2011-11-13,4:winter,0,11,0,0:sunday,0,1,0.440833,0.43055,0.458333,0.281721,1004,2713,3717
375,2012-01-10,1:spring,1,1,0,2:tuesday,1,1,0.308696,0.318826,0.646522,0.187552,173,3425,3598
313,2011-11-09,4:winter,0,11,0,3:wednesday,1,1,0.4,0.40907899999999997,0.758333,0.06219580000000001,305,3804,4109
503,2012-05-17,2:summer,1,5,0,4:thursday,1,1,0.593333,0.572613,0.52,0.229475,1242,6142,7384
602,2012-08-24,3:fall,1,8,0,5:friday,1,2,0.7025,0.6471,0.615,0.07214580000000001,1325,6257,7582
302,2011-10-29,4:winter,0,10,0,6:saturday,0,3,0.25416700000000003,0.227913,0.8825,0.351371,57,570,627
373,2012-01-08,1:spring,1,1,0,0:sunday,0,1,0.3375,0.340258,0.465,0.19154200000000002,599,2826,3425
214,2011-08-02,3:fall,0,8,0,2:tuesday,1,1,0.783333,0.707071,0.49125,0.20585,801,4044,4845
79,2011-03-20,1:spring,0,3,0,0:sunday,0,1,0.3325,0.32575,0.47375,0.20772100000000002,1047,1424,2471
193,2011-07-12,3:fall,0,7,0,2:tuesday,1,1,0.794167,0.739275,0.559167,0.200254,662,3596,4258
102,2011-04-12,2:summer,0,4,0,2:tuesday,1,2,0.5025,0.493054,0.739167,0.274879,257,1777,2034
379,2012-01-14,1:spring,1,1,0,6:saturday,0,1,0.18,0.183087,0.4575,0.187183,333,2160,2493
490,2012-05-04,2:summer,1,5,0,5:friday,1,1,0.6275,0.590917,0.735417,0.162938,1069,5227,6296
434,2012-03-09,1:spring,1,3,0,5:friday,1,2,0.410833,0.397083,0.407083,0.4148,447,4122,4569
159,2011-06-08,2:summer,0,6,0,3:wednesday,1,1,0.775833,0.727279,0.6220829999999999,0.136817,676,3725,4401
530,2012-06-13,2:summer,1,6,0,3:wednesday,1,1,0.655833,0.611117,0.582083,0.343279,1173,6248,7421
184,2011-07-03,3:fall,0,7,0,0:sunday,0,2,0.716667,0.668575,0.6825,0.228858,2282,2367,4649
715,2012-12-15,4:winter,1,12,0,6:saturday,0,1,0.324167,0.338383,0.650417,0.10635,767,4280,5047
300,2011-10-27,4:winter,0,10,0,4:thursday,1,2,0.47,0.457046,0.812917,0.19776300000000002,240,2419,2659
689,2012-11-19,4:winter,1,11,0,1:monday,1,2,0.380833,0.375621,0.623333,0.235067,449,5050,5499
339,2011-12-05,4:winter,0,12,0,1:monday,1,2,0.385833,0.393925,0.827083,0.06220830000000001,233,3578,3811
523,2012-06-06,2:summer,1,6,0,3:wednesday,1,1,0.554167,0.542292,0.61125,0.077125,1027,6028,7055
608,2012-08-30,3:fall,1,8,0,4:thursday,1,1,0.706667,0.652779,0.590417,0.0771167,1172,6541,7713
148,2011-05-28,2:summer,0,5,0,6:saturday,0,1,0.655833,0.612379,0.729583,0.23009200000000002,2001,2757,4758
569,2012-07-22,3:fall,1,7,0,0:sunday,0,2,0.6675,0.623125,0.7625,0.09392080000000001,2544,4866,7410
99,2011-04-09,2:summer,0,4,0,6:saturday,0,2,0.3425,0.34152899999999997,0.8775,0.13308299999999998,879,1576,2455
205,2011-07-24,3:fall,0,7,0,0:sunday,0,1,0.83,0.794829,0.550833,0.16917100000000002,1050,2556,3606
710,2012-12-10,4:winter,1,12,0,1:monday,1,2,0.43583299999999997,0.435575,0.925,0.190308,329,4841,5170
640,2012-10-01,4:winter,1,10,0,1:monday,1,2,0.520833,0.512,0.649167,0.09080419999999999,763,6015,6778
134,2011-05-14,2:summer,0,5,0,6:saturday,0,2,0.520833,0.500629,0.9225,0.13495,902,2507,3409
337,2011-12-03,4:winter,0,12,0,6:saturday,0,1,0.299167,0.310604,0.612917,0.0957833,706,2908,3614
457,2012-04-01,2:summer,1,4,0,0:sunday,0,2,0.425833,0.41728699999999996,0.67625,0.172267,2347,3694,6041
404,2012-02-08,1:spring,1,2,0,3:wednesday,1,2,0.25666700000000003,0.266421,0.722917,0.133721,109,2693,2802
111,2011-04-21,2:summer,0,4,0,4:thursday,1,1,0.459167,0.453892,0.407083,0.325258,745,3444,4189
423,2012-02-27,1:spring,1,2,0,1:monday,1,1,0.366667,0.357954,0.490833,0.26803299999999997,253,4069,4322
529,2012-06-12,2:summer,1,6,0,2:tuesday,1,2,0.6533329999999999,0.597875,0.833333,0.21454600000000001,477,4495,4972
474,2012-04-18,2:summer,1,4,0,3:wednesday,1,2,0.463333,0.457038,0.569167,0.16791199999999998,347,4020,4367
387,2012-01-22,1:spring,1,1,0,0:sunday,0,2,0.1625,0.16225,0.79625,0.199638,196,1781,1977
21,2011-01-21,1:spring,0,1,0,5:friday,1,1,0.1775,0.157833,0.457083,0.353242,75,1468,1543
89,2011-03-30,2:summer,0,3,0,3:wednesday,1,2,0.3,0.29735,0.646667,0.17288800000000001,168,1368,1536
489,2012-05-03,2:summer,1,5,0,4:thursday,1,2,0.56,0.537242,0.768333,0.133696,764,5657,6421
169,2011-06-18,2:summer,0,6,0,6:saturday,0,1,0.696667,0.643954,0.670417,0.11940799999999999,1807,3312,5119
658,2012-10-19,4:winter,1,10,0,5:friday,1,2,0.563333,0.537896,0.815,0.134954,753,4671,5424
664,2012-10-25,4:winter,1,10,0,4:thursday,1,2,0.55,0.529688,0.800417,0.124375,875,6484,7359
122,2011-05-02,2:summer,0,5,0,1:monday,1,2,0.549167,0.532833,0.73,0.183454,847,3554,4401
84,2011-03-25,2:summer,0,3,0,5:friday,1,1,0.264167,0.256312,0.495,0.230725,300,1910,2210
637,2012-09-28,4:winter,1,9,0,5:friday,1,2,0.619167,0.585863,0.69,0.164179,1045,6370,7415
74,2011-03-15,1:spring,0,3,0,2:tuesday,1,2,0.317391,0.318178,0.655652,0.184309,289,1767,2056
629,2012-09-20,3:fall,1,9,0,4:thursday,1,1,0.546667,0.532192,0.618333,0.11816700000000001,939,6781,7720
648,2012-10-09,4:winter,1,10,0,2:tuesday,1,2,0.446667,0.438112,0.761667,0.1903,601,5791,6392
673,2012-11-03,4:winter,1,11,0,6:saturday,0,2,0.343333,0.323846,0.49125,0.270529,1029,4109,5138
455,2012-03-30,2:summer,1,3,0,5:friday,1,2,0.37,0.375621,0.580833,0.138067,796,4663,5459
220,2011-08-08,3:fall,0,8,0,1:monday,1,1,0.765,0.703283,0.592083,0.192175,846,3480,4326
236,2011-08-24,3:fall,0,8,0,3:wednesday,1,1,0.673333,0.630692,0.605,0.253108,949,4181,5130
442,2012-03-17,1:spring,1,3,0,6:saturday,0,2,0.514167,0.505046,0.755833,0.110704,3155,4681,7836
447,2012-03-22,2:summer,1,3,0,4:thursday,1,1,0.554167,0.531567,0.83125,0.11756199999999999,1334,5537,6871
314,2011-11-10,4:winter,0,11,0,4:thursday,1,2,0.38,0.373721,0.813333,0.189067,190,2743,2933
628,2012-09-19,3:fall,1,9,0,3:wednesday,1,1,0.5525,0.540404,0.536667,0.215175,788,6803,7591
726,2012-12-26,1:spring,1,12,0,3:wednesday,1,3,0.243333,0.220333,0.823333,0.316546,9,432,441
13,2011-01-13,1:spring,0,1,0,4:thursday,1,1,0.165,0.150883,0.47041700000000003,0.301,38,1368,1406
654,2012-10-15,4:winter,1,10,0,1:monday,1,2,0.561667,0.53915,0.7075,0.296037,760,5115,5875
685,2012-11-15,4:winter,1,11,0,4:thursday,1,2,0.321667,0.324492,0.620417,0.15298699999999998,320,5125,5445
563,2012-07-16,3:fall,1,7,0,1:monday,1,1,0.763333,0.724125,0.645,0.164187,1088,5742,6830
586,2012-08-08,3:fall,1,8,0,3:wednesday,1,2,0.75,0.707717,0.672917,0.1107,1263,6271,7534
577,2012-07-30,3:fall,1,7,0,1:monday,1,1,0.730833,0.684987,0.66875,0.153617,1040,6065,7105
593,2012-08-15,3:fall,1,8,0,3:wednesday,1,1,0.706667,0.654037,0.619583,0.169771,1198,6149,7347
380,2012-01-15,1:spring,1,1,0,0:sunday,0,1,0.166667,0.161625,0.419167,0.251258,284,2027,2311
168,2011-06-17,2:summer,0,6,0,5:friday,1,1,0.649167,0.600383,0.735833,0.143029,863,3981,4844
109,2011-04-19,2:summer,0,4,0,2:tuesday,1,2,0.505833,0.48925799999999997,0.665833,0.157971,409,2795,3204
622,2012-09-13,3:fall,1,9,0,4:thursday,1,1,0.6125,0.579558,0.637083,0.08272080000000001,1054,6750,7804
69,2011-03-10,1:spring,0,3,0,4:thursday,1,3,0.38909099999999996,0.385668,0.0,0.26187699999999997,46,577,623
98,2011-04-08,2:summer,0,4,0,5:friday,1,2,0.335833,0.324479,0.83625,0.226992,172,1299,1471
149,2011-05-29,2:summer,0,5,0,0:sunday,0,1,0.6675,0.61555,0.81875,0.21393800000000002,2355,2433,4788
245,2011-09-02,3:fall,0,9,0,5:friday,1,2,0.643333,0.604808,0.727083,0.139929,875,3852,4727
694,2012-11-24,4:winter,1,11,0,6:saturday,0,1,0.278333,0.24874200000000002,0.40458299999999997,0.376871,532,1745,2277
330,2011-11-26,4:winter,0,11,0,6:saturday,0,1,0.375833,0.385087,0.681667,0.0684208,1249,1819,3068
156,2011-06-05,2:summer,0,6,0,0:sunday,0,2,0.648333,0.616804,0.6525,0.138692,1685,3221,4906
394,2012-01-29,1:spring,1,1,0,0:sunday,0,1,0.2825,0.272721,0.31125,0.24005,558,2685,3243
185,2011-07-04,3:fall,0,7,1,1:monday,0,2,0.726667,0.665417,0.637917,0.08147919999999999,3065,2978,6043
127,2011-05-07,2:summer,0,5,0,6:saturday,0,1,0.52,0.512621,0.54125,0.16045,1612,3102,4714
494,2012-05-08,2:summer,1,5,0,2:tuesday,1,2,0.581667,0.557471,0.685833,0.296029,738,4990,5728
711,2012-12-11,4:winter,1,12,0,2:tuesday,1,2,0.353333,0.338363,0.5966670000000001,0.296037,282,5219,5501
477,2012-04-21,2:summer,1,4,0,6:saturday,0,1,0.57,0.542921,0.682917,0.283587,2541,4083,6624
251,2011-09-08,3:fall,0,9,0,4:thursday,1,3,0.6339130000000001,0.555361,0.939565,0.192748,153,1689,1842
55,2011-02-24,1:spring,0,2,0,4:thursday,1,2,0.295652,0.289191,0.697391,0.250496,100,1707,1807
499,2012-05-13,2:summer,1,5,0,0:sunday,0,1,0.6125,0.585238,0.57625,0.225117,2172,3946,6118
113,2011-04-23,2:summer,0,4,0,6:saturday,0,2,0.46,0.450121,0.887917,0.230725,1462,2574,4036
428,2012-03-03,1:spring,1,3,0,6:saturday,0,2,0.414167,0.413492,0.62125,0.161079,956,3110,4066
560,2012-07-13,3:fall,1,7,0,5:friday,1,2,0.731667,0.667933,0.485833,0.08085,1511,5988,7499
543,2012-06-26,3:fall,1,6,0,2:tuesday,1,1,0.630833,0.594704,0.37333299999999997,0.347642,1077,6365,7442
670,2012-10-31,4:winter,1,10,0,3:wednesday,1,2,0.3575,0.3611,0.666667,0.166667,419,5147,5566
601,2012-08-23,3:fall,1,8,0,4:thursday,1,1,0.695833,0.637008,0.635833,0.08459580000000001,1363,6402,7765
465,2012-04-09,2:summer,1,4,0,1:monday,1,1,0.489167,0.476638,0.3175,0.358196,905,4680,5585
422,2012-02-26,1:spring,1,2,0,0:sunday,0,1,0.279167,0.268308,0.41,0.205229,515,2874,3389
525,2012-06-08,2:summer,1,6,0,5:friday,1,1,0.649167,0.597862,0.467917,0.17538299999999998,1488,6248,7736
376,2012-01-11,1:spring,1,1,0,3:wednesday,1,2,0.274167,0.282821,0.8475,0.131221,92,2085,2177
51,2011-02-20,1:spring,0,2,0,0:sunday,0,1,0.285217,0.27733,0.407826,0.223235,639,1173,1812
119,2011-04-29,2:summer,0,4,0,5:friday,1,1,0.51,0.497463,0.457083,0.240063,878,3717,4595
12,2011-01-12,1:spring,0,1,0,3:wednesday,1,1,0.172727,0.160473,0.599545,0.304627,25,1137,1162
177,2011-06-26,3:fall,0,6,0,0:sunday,0,1,0.68,0.637629,0.513333,0.09453330000000001,1920,3385,5305
384,2012-01-19,1:spring,1,1,0,4:thursday,1,1,0.19,0.190038,0.4975,0.220158,130,3162,3292
649,2012-10-10,4:winter,1,10,0,3:wednesday,1,1,0.514167,0.503142,0.630833,0.18782100000000002,780,6911,7691
614,2012-09-05,3:fall,1,9,0,3:wednesday,1,1,0.736667,0.708983,0.74125,0.187808,832,6280,7112
363,2011-12-29,1:spring,0,12,0,4:thursday,1,1,0.248333,0.263892,0.574167,0.11941199999999999,254,2169,2423
533,2012-06-16,2:summer,1,6,0,6:saturday,0,1,0.631667,0.594708,0.504167,0.166667,2963,4739,7702
424,2012-02-28,1:spring,1,2,0,2:tuesday,1,1,0.359167,0.353525,0.395833,0.193417,229,4134,4363
293,2011-10-20,4:winter,0,10,0,4:thursday,1,1,0.475833,0.466525,0.63625,0.422275,471,3724,4195
338,2011-12-04,4:winter,0,12,0,0:sunday,0,1,0.330833,0.3491,0.775833,0.08395830000000001,634,2851,3485
396,2012-01-31,1:spring,1,1,0,2:tuesday,1,1,0.39,0.381317,0.416667,0.261817,324,4185,4509
257,2011-09-14,3:fall,0,9,0,3:wednesday,1,1,0.673333,0.6269,0.697083,0.1673,647,4138,4785
476,2012-04-20,2:summer,1,4,0,5:friday,1,1,0.526667,0.515775,0.694583,0.149871,1340,5950,7290
341,2011-12-07,4:winter,0,12,0,3:wednesday,1,3,0.41,0.400246,0.970417,0.266175,50,655,705
277,2011-10-04,4:winter,0,10,0,2:tuesday,1,1,0.484167,0.472858,0.71,0.205854,486,3970,4456
659,2012-10-20,4:winter,1,10,0,6:saturday,0,1,0.484167,0.472842,0.572917,0.11753699999999999,2806,5284,8090
229,2011-08-17,3:fall,0,8,0,3:wednesday,1,1,0.723333,0.666671,0.575417,0.14366700000000002,668,4026,4694
210,2011-07-29,3:fall,0,7,0,5:friday,1,1,0.838333,0.785967,0.5425,0.17413800000000001,670,3176,3846
274,2011-10-01,4:winter,0,10,0,6:saturday,0,2,0.41,0.41286300000000004,0.75375,0.292296,480,1949,2429
333,2011-11-29,4:winter,0,11,0,2:tuesday,1,2,0.458333,0.451375,0.830833,0.258092,96,2818,2914
638,2012-09-29,4:winter,1,9,0,6:saturday,0,1,0.5425,0.530296,0.542917,0.227604,2589,5966,8555
252,2011-09-09,3:fall,0,9,0,5:friday,1,2,0.65,0.578946,0.897917,0.12437899999999999,417,3127,3544
32,2011-02-01,1:spring,0,2,0,2:tuesday,1,2,0.192174,0.23453000000000002,0.829565,0.053212999999999996,47,1313,1360
211,2011-07-30,3:fall,0,7,0,6:saturday,0,1,0.804167,0.728537,0.465833,0.168537,1559,2916,4475
461,2012-04-05,2:summer,1,4,0,4:thursday,1,1,0.435,0.431163,0.374167,0.219529,1192,5265,6457
686,2012-11-16,4:winter,1,11,0,5:friday,1,1,0.345,0.347204,0.524583,0.171025,484,5214,5698
187,2011-07-06,3:fall,0,7,0,3:wednesday,1,1,0.72,0.685633,0.743333,0.149883,784,3845,4629
129,2011-05-09,2:summer,0,5,0,1:monday,1,1,0.5325,0.525246,0.58875,0.17600000000000002,664,3698,4362
27,2011-01-27,1:spring,0,1,0,4:thursday,1,1,0.195,0.2197,0.6875,0.113837,15,416,431
335,2011-12-01,4:winter,0,12,0,4:thursday,1,1,0.3125,0.305554,0.524583,0.220158,182,3545,3727
101,2011-04-11,2:summer,0,4,0,1:monday,1,2,0.5956520000000001,0.565217,0.716956,0.324474,855,2493,3348
661,2012-10-22,4:winter,1,10,0,1:monday,1,1,0.4875,0.482942,0.568333,0.08148330000000001,830,6228,7058
244,2011-09-01,3:fall,0,9,0,4:thursday,1,1,0.655,0.614921,0.639167,0.141796,783,4332,5115
440,2012-03-15,1:spring,1,3,0,4:thursday,1,1,0.5575,0.532825,0.579583,0.149883,1005,5187,6192
419,2012-02-23,1:spring,1,2,0,4:thursday,1,1,0.454167,0.444446,0.554583,0.190913,516,4546,5062
62,2011-03-03,1:spring,0,3,0,4:thursday,1,1,0.19833299999999998,0.200133,0.318333,0.225754,123,1562,1685
178,2011-06-27,3:fall,0,6,0,1:monday,1,2,0.6825,0.637004,0.658333,0.10758800000000002,854,3854,4708
420,2012-02-24,1:spring,1,2,0,5:friday,1,2,0.4075,0.41097100000000003,0.7375,0.237567,246,3241,3487
223,2011-08-11,3:fall,0,8,0,4:thursday,1,1,0.7175,0.651521,0.42375,0.164796,812,3980,4792
537,2012-06-20,2:summer,1,6,0,3:wednesday,1,1,0.7825,0.720975,0.592083,0.11381199999999998,872,5339,6211
213,2011-08-01,3:fall,0,8,0,1:monday,1,1,0.771667,0.703292,0.550833,0.156717,729,3537,4266
706,2012-12-06,4:winter,1,12,0,4:thursday,1,1,0.255833,0.258204,0.50875,0.174754,340,5035,5375
400,2012-02-04,1:spring,1,2,0,6:saturday,0,2,0.264167,0.272725,0.779583,0.121896,384,2448,2832
704,2012-12-04,4:winter,1,12,0,2:tuesday,1,1,0.475833,0.46905399999999997,0.73375,0.174129,551,6055,6606
346,2011-12-12,4:winter,0,12,0,1:monday,1,1,0.238333,0.270196,0.670833,0.06345,143,3167,3310
182,2011-07-01,3:fall,0,7,0,5:friday,1,1,0.7225,0.652162,0.39625,0.10260799999999999,1246,4116,5362
256,2011-09-13,3:fall,0,9,0,2:tuesday,1,1,0.650833,0.603554,0.7125,0.14180399999999999,701,4062,4763
483,2012-04-27,2:summer,1,4,0,5:friday,1,1,0.4575,0.452637,0.400833,0.34763299999999997,1014,5219,6233
188,2011-07-07,3:fall,0,7,0,4:thursday,1,1,0.75,0.686871,0.65125,0.1592,754,3838,4592
518,2012-06-01,2:summer,1,6,0,5:friday,1,2,0.654167,0.607962,0.755417,0.23756300000000002,533,3594,4127
727,2012-12-27,1:spring,1,12,0,4:thursday,1,2,0.25416700000000003,0.226642,0.652917,0.35013299999999997,247,1867,2114
652,2012-10-13,4:winter,1,10,0,6:saturday,0,1,0.393333,0.391396,0.494583,0.146142,2252,4857,7109
296,2011-10-23,4:winter,0,10,0,0:sunday,0,1,0.421667,0.422333,0.74125,0.0995125,1619,2762,4381
224,2011-08-12,3:fall,0,8,0,5:friday,1,1,0.708333,0.654042,0.415,0.125621,1051,3854,4905
44,2011-02-13,1:spring,0,2,0,0:sunday,0,1,0.31652199999999997,0.324113,0.457391,0.260883,397,1192,1589
510,2012-05-24,2:summer,1,5,0,4:thursday,1,1,0.655,0.6067,0.716667,0.172896,1059,5711,6770
22,2011-01-22,1:spring,0,1,0,6:saturday,0,1,0.0591304,0.0790696,0.4,0.17197,93,888,981
665,2012-10-26,4:winter,1,10,0,5:friday,1,2,0.545833,0.52275,0.807083,0.132467,1182,6262,7444
589,2012-08-11,3:fall,1,8,0,6:saturday,0,2,0.6925,0.638267,0.732917,0.206479,2247,4052,6299
716,2012-12-16,4:winter,1,12,0,0:sunday,0,2,0.3625,0.369938,0.83875,0.100742,538,3248,3786
197,2011-07-16,3:fall,0,7,0,6:saturday,0,1,0.686667,0.638263,0.585,0.208342,2418,3505,5923
59,2011-02-28,1:spring,0,2,0,1:monday,1,2,0.407273,0.400118,0.8763639999999999,0.289686,81,1365,1446
399,2012-02-03,1:spring,1,2,0,5:friday,1,1,0.313333,0.309346,0.526667,0.17849600000000002,310,3841,4151
48,2011-02-17,1:spring,0,2,0,4:thursday,1,1,0.43583299999999997,0.428658,0.505,0.230104,259,2216,2475
451,2012-03-26,2:summer,1,3,0,1:monday,1,1,0.445833,0.43875,0.477917,0.386821,795,4763,5558
436,2012-03-11,1:spring,1,3,0,0:sunday,0,1,0.361739,0.35967,0.47695699999999996,0.22258699999999998,1658,3253,4911
454,2012-03-29,2:summer,1,3,0,4:thursday,1,1,0.494167,0.482304,0.43916700000000003,0.31965,834,5299,6133
71,2011-03-12,1:spring,0,3,0,6:saturday,0,1,0.329167,0.32575,0.594583,0.220775,724,1408,2132
449,2012-03-24,2:summer,1,3,0,6:saturday,0,2,0.5025,0.48673299999999997,0.885417,0.19278299999999998,1033,2339,3372
607,2012-08-29,3:fall,1,8,0,3:wednesday,1,1,0.685,0.635733,0.552083,0.112562,1177,6520,7697
342,2011-12-08,4:winter,0,12,0,4:thursday,1,1,0.265833,0.256938,0.58,0.240058,150,3172,3322
240,2011-08-28,3:fall,0,8,0,0:sunday,0,1,0.707059,0.6479590000000001,0.561765,0.304659,1415,2919,4334
8,2011-01-08,1:spring,0,1,0,6:saturday,0,2,0.165,0.162254,0.535833,0.266804,68,891,959
348,2011-12-14,4:winter,0,12,0,3:wednesday,1,2,0.3175,0.338362,0.66375,0.06095830000000001,178,3562,3740
181,2011-06-30,3:fall,0,6,0,4:thursday,1,1,0.696667,0.637008,0.434167,0.18531199999999998,1027,4488,5515
47,2011-02-16,1:spring,0,2,0,3:wednesday,1,1,0.318261,0.3162,0.42347799999999997,0.251791,218,1897,2115
9,2011-01-09,1:spring,0,1,0,0:sunday,0,1,0.13833299999999998,0.116175,0.434167,0.36195,54,768,822
14,2011-01-14,1:spring,0,1,0,5:friday,1,1,0.16087,0.188413,0.537826,0.126548,54,1367,1421
438,2012-03-13,1:spring,1,3,0,2:tuesday,1,1,0.565,0.542929,0.6175,0.23695,762,5085,5847
87,2011-03-28,2:summer,0,3,0,1:monday,1,1,0.264348,0.25757399999999997,0.302174,0.212204,222,1806,2028
558,2012-07-11,3:fall,1,7,0,3:wednesday,1,1,0.716667,0.650271,0.633333,0.15173299999999998,975,6289,7264
572,2012-07-25,3:fall,1,7,0,3:wednesday,1,1,0.724167,0.654054,0.45,0.1648,1383,6790,8173
705,2012-12-05,4:winter,1,12,0,3:wednesday,1,1,0.438333,0.428012,0.485,0.324021,331,5398,5729
154,2011-06-03,2:summer,0,6,0,5:friday,1,1,0.62,0.587133,0.354167,0.253121,898,4414,5312
386,2012-01-21,1:spring,1,1,0,6:saturday,0,2,0.173333,0.174875,0.83125,0.222642,67,1234,1301
548,2012-07-01,3:fall,1,7,0,0:sunday,0,1,0.815833,0.750629,0.51875,0.16852899999999998,1421,4110,5531
681,2012-11-11,4:winter,1,11,0,0:sunday,0,1,0.420833,0.421713,0.6591670000000001,0.1275,2290,4562,6852
506,2012-05-20,2:summer,1,5,0,0:sunday,0,1,0.620833,0.583967,0.530417,0.254367,2704,4425,7129
226,2011-08-14,3:fall,0,8,0,0:sunday,0,2,0.676667,0.624388,0.8175,0.222633,1338,2482,3820
397,2012-02-01,1:spring,1,2,0,3:wednesday,1,1,0.469167,0.466538,0.507917,0.189067,304,4275,4579
271,2011-09-28,4:winter,0,9,0,3:wednesday,1,2,0.635,0.575158,0.84875,0.14862899999999998,480,3427,3907
508,2012-05-22,2:summer,1,5,0,2:tuesday,1,2,0.615,0.580825,0.765833,0.11816700000000001,819,5254,6073
350,2011-12-16,4:winter,0,12,0,5:friday,1,2,0.375,0.359825,0.500417,0.260575,178,3399,3577
301,2011-10-28,4:winter,0,10,0,5:friday,1,2,0.330833,0.318812,0.585833,0.229479,456,3291,3747
250,2011-09-07,3:fall,0,9,0,3:wednesday,1,3,0.599167,0.544229,0.917083,0.0970208,118,1878,1996
693,2012-11-23,4:winter,1,11,0,5:friday,1,1,0.36833299999999997,0.378779,0.56875,0.148021,1603,2307,3910
305,2011-11-01,4:winter,0,11,0,2:tuesday,1,1,0.400833,0.397088,0.68375,0.135571,410,3658,4068
357,2011-12-23,1:spring,0,12,0,5:friday,1,1,0.37333299999999997,0.377513,0.68625,0.274246,163,2046,2209
680,2012-11-10,4:winter,1,11,0,6:saturday,0,1,0.389167,0.393937,0.645417,0.05784580000000001,2090,4446,6536
613,2012-09-04,3:fall,1,9,0,2:tuesday,1,1,0.725833,0.686888,0.755,0.236321,867,5997,6864
642,2012-10-03,4:winter,1,10,0,3:wednesday,1,2,0.6575,0.599133,0.79375,0.0665458,728,6844,7572
512,2012-05-26,2:summer,1,5,0,6:saturday,0,1,0.6925,0.642696,0.7325,0.198992,2855,3681,6536
611,2012-09-02,3:fall,1,9,0,0:sunday,0,2,0.696667,0.649,0.815,0.06407080000000001,2613,3197,5810
273,2011-09-30,4:winter,0,9,0,5:friday,1,1,0.564167,0.544829,0.6475,0.206475,830,4372,5202
340,2011-12-06,4:winter,0,12,0,2:tuesday,1,3,0.4625,0.4564,0.949583,0.23258299999999998,126,2468,2594
545,2012-06-28,3:fall,1,6,0,4:thursday,1,1,0.749167,0.675512,0.4225,0.17165,921,5958,6879
267,2011-09-24,4:winter,0,9,0,6:saturday,0,2,0.606667,0.564412,0.8625,0.0783833,1776,3647,5423
542,2012-06-25,3:fall,1,6,0,1:monday,1,1,0.7158329999999999,0.654042,0.504167,0.300383,1139,5640,6779
576,2012-07-29,3:fall,1,7,0,0:sunday,0,1,0.7216670000000001,0.667933,0.62375,0.170396,2153,4444,6597
731,2012-12-31,1:spring,1,12,0,1:monday,1,2,0.215833,0.223487,0.5775,0.154846,439,2290,2729
660,2012-10-21,4:winter,1,10,0,0:sunday,0,1,0.464167,0.456429,0.51,0.166054,2132,4692,6824
349,2011-12-15,4:winter,0,12,0,4:thursday,1,2,0.4225,0.41223699999999996,0.634167,0.268042,181,3528,3709
429,2012-03-04,1:spring,1,3,0,0:sunday,0,1,0.325833,0.303021,0.403333,0.334571,710,2713,3423
145,2011-05-25,2:summer,0,5,0,3:wednesday,1,1,0.660833,0.615542,0.69625,0.15423299999999998,740,4238,4978
238,2011-08-26,3:fall,0,8,0,5:friday,1,1,0.7,0.659733,0.76125,0.0839625,768,3893,4661
322,2011-11-18,4:winter,0,11,0,5:friday,1,1,0.274167,0.272721,0.41,0.168533,245,3147,3392
162,2011-06-11,2:summer,0,6,0,6:saturday,0,1,0.725,0.678038,0.654583,0.15485,1729,3237,4966
50,2011-02-19,1:spring,0,2,0,6:saturday,0,1,0.399167,0.391404,0.187917,0.507463,532,1103,1635
547,2012-06-30,3:fall,1,6,0,6:saturday,0,1,0.765,0.687508,0.60125,0.161071,1455,4232,5687
126,2011-05-06,2:summer,0,5,0,5:friday,1,1,0.479167,0.474117,0.59,0.228246,894,3714,4608
327,2011-11-23,4:winter,0,11,0,3:wednesday,1,2,0.440833,0.430537,0.757917,0.335825,112,2454,2566
539,2012-06-22,3:fall,1,6,0,5:friday,1,1,0.7775,0.724121,0.57375,0.182842,964,4859,5823
567,2012-07-20,3:fall,1,7,0,5:friday,1,2,0.665833,0.613025,0.844167,0.208967,747,5123,5870
175,2011-06-24,3:fall,0,6,0,5:friday,1,1,0.724167,0.656583,0.573333,0.222025,969,4022,4991
130,2011-05-10,2:summer,0,5,0,2:tuesday,1,1,0.5325,0.522721,0.489167,0.11567100000000001,694,4109,4803
280,2011-10-07,4:winter,0,10,0,5:friday,1,1,0.510833,0.504404,0.684167,0.0223917,949,4036,4985
507,2012-05-21,2:summer,1,5,0,1:monday,1,2,0.598333,0.565667,0.81125,0.233204,630,3729,4359
40,2011-02-09,1:spring,0,2,0,3:wednesday,1,2,0.134783,0.144283,0.494783,0.188839,53,1552,1605
663,2012-10-24,4:winter,1,10,0,3:wednesday,1,1,0.5875,0.558721,0.63625,0.07277919999999999,795,6898,7693
281,2011-10-08,4:winter,0,10,0,6:saturday,0,1,0.521667,0.513242,0.70125,0.0454042,2235,3174,5409
535,2012-06-18,2:summer,1,6,0,1:monday,1,2,0.568333,0.544842,0.777917,0.174746,653,4446,5099
17,2011-01-17,1:spring,0,1,1,1:monday,0,2,0.175833,0.176771,0.5375,0.194017,117,883,1000
138,2011-05-18,2:summer,0,5,0,3:wednesday,1,2,0.55,0.527158,0.87,0.201492,536,3319,3855
359,2011-12-25,1:spring,0,12,0,0:sunday,0,1,0.274783,0.279961,0.681304,0.155091,303,451,754
294,2011-10-21,4:winter,0,10,0,5:friday,1,1,0.4275,0.42359600000000003,0.574167,0.221396,676,3628,4304
462,2012-04-06,2:summer,1,4,0,5:friday,1,1,0.403333,0.39076700000000003,0.377083,0.300388,1807,4653,6460
691,2012-11-21,4:winter,1,11,0,3:wednesday,1,1,0.353333,0.364892,0.61375,0.103246,615,4531,5146
173,2011-06-22,3:fall,0,6,0,3:wednesday,1,1,0.733333,0.693829,0.7075,0.172262,661,3846,4507
453,2012-03-28,2:summer,1,3,0,3:wednesday,1,1,0.484167,0.47095,0.48125,0.291671,674,5024,5698
106,2011-04-16,2:summer,0,4,0,6:saturday,0,3,0.43083299999999997,0.425492,0.888333,0.340808,121,674,795
266,2011-09-23,4:winter,0,9,0,5:friday,1,2,0.609167,0.522125,0.9725,0.0783667,258,2137,2395
671,2012-11-01,4:winter,1,11,0,4:thursday,1,2,0.365833,0.369942,0.581667,0.157346,466,5520,5986
546,2012-06-29,3:fall,1,6,0,5:friday,1,1,0.834167,0.786613,0.48875,0.165417,829,4634,5463
2,2011-01-02,1:spring,0,1,0,0:sunday,0,2,0.363478,0.35373899999999997,0.696087,0.24853899999999998,131,670,801
282,2011-10-09,4:winter,0,10,0,0:sunday,0,1,0.540833,0.523983,0.7275,0.06345,2397,3114,5511
516,2012-05-30,2:summer,1,5,0,3:wednesday,1,2,0.656667,0.611129,0.67,0.134329,745,6110,6855
146,2011-05-26,2:summer,0,5,0,4:thursday,1,1,0.708333,0.654688,0.6775,0.19964200000000001,758,3919,4677
388,2012-01-23,1:spring,1,1,0,1:monday,1,2,0.218333,0.243058,0.91125,0.11070799999999999,145,2287,2432
690,2012-11-20,4:winter,1,11,0,2:tuesday,1,2,0.374167,0.38066700000000003,0.685,0.082725,534,5100,5634
152,2011-06-01,2:summer,0,6,0,3:wednesday,1,2,0.764167,0.720967,0.677083,0.207092,513,3461,3974
323,2011-11-19,4:winter,0,11,0,6:saturday,0,1,0.329167,0.32448299999999997,0.502083,0.224496,943,2720,3663
217,2011-08-05,3:fall,0,8,0,5:friday,1,1,0.710833,0.656567,0.630833,0.184696,1023,3843,4866
103,2011-04-13,2:summer,0,4,0,3:wednesday,1,2,0.4125,0.417283,0.819167,0.25061700000000003,209,1953,2162
216,2011-08-04,3:fall,0,8,0,4:thursday,1,2,0.71,0.664788,0.7575,0.19715,799,3777,4576
598,2012-08-20,3:fall,1,8,0,1:monday,1,2,0.635833,0.595967,0.734167,0.12997899999999998,1026,5504,6530
358,2011-12-24,1:spring,0,12,0,6:saturday,0,1,0.3025,0.299242,0.5425,0.190304,155,856,1011
687,2012-11-17,4:winter,1,11,0,6:saturday,0,1,0.325,0.326383,0.545417,0.179729,1313,4316,5629
701,2012-12-01,4:winter,1,12,0,6:saturday,0,2,0.298333,0.316904,0.806667,0.05970419999999999,951,4240,5191
633,2012-09-24,4:winter,1,9,0,1:monday,1,1,0.514167,0.502513,0.492917,0.142404,1001,6435,7436
432,2012-03-07,1:spring,1,3,0,3:wednesday,1,1,0.404167,0.3851,0.513333,0.345779,432,4484,4916
498,2012-05-12,2:summer,1,5,0,6:saturday,0,1,0.564167,0.544817,0.480417,0.12313299999999999,2622,4807,7429
604,2012-08-26,3:fall,1,8,0,0:sunday,0,2,0.6533329999999999,0.595996,0.845833,0.228858,1483,3772,5255
150,2011-05-30,2:summer,0,5,1,1:monday,0,1,0.733333,0.671092,0.685,0.131225,1549,2549,4098
70,2011-03-11,1:spring,0,3,0,5:friday,1,2,0.31652199999999997,0.305,0.649565,0.23296999999999998,247,1730,1977
610,2012-09-01,3:fall,1,9,0,6:saturday,0,2,0.753333,0.702654,0.638333,0.113187,2352,3788,6140
724,2012-12-24,1:spring,1,12,0,1:monday,1,2,0.231304,0.2589,0.791304,0.07723039999999999,174,746,920
255,2011-09-12,3:fall,0,9,0,1:monday,1,1,0.6443479999999999,0.60213,0.692174,0.088913,690,4023,4713
443,2012-03-18,1:spring,1,3,0,0:sunday,0,2,0.4725,0.46399999999999997,0.81,0.126883,2207,3685,5892
555,2012-07-08,3:fall,1,7,0,0:sunday,0,1,0.8225,0.790396,0.57375,0.125629,1203,3469,4672
241,2011-08-29,3:fall,0,8,0,1:monday,1,1,0.636667,0.607958,0.554583,0.159825,729,3905,4634
58,2011-02-27,1:spring,0,2,0,0:sunday,0,1,0.343478,0.351109,0.68,0.125248,694,1708,2402
304,2011-10-31,4:winter,0,10,0,1:monday,1,1,0.34,0.356063,0.703333,0.10635,362,3307,3669
553,2012-07-06,3:fall,1,7,0,5:friday,1,1,0.828333,0.752533,0.450833,0.146142,1366,4841,6207
646,2012-10-07,4:winter,1,10,0,0:sunday,0,2,0.415833,0.419813,0.708333,0.14116199999999998,781,2729,3510
550,2012-07-03,3:fall,1,7,0,2:tuesday,1,1,0.780833,0.70265,0.492083,0.126237,1052,5608,6660
311,2011-11-07,4:winter,0,11,0,1:monday,1,1,0.395,0.400871,0.75875,0.057225,373,3662,4035
456,2012-03-31,2:summer,1,3,0,6:saturday,0,2,0.424167,0.42170799999999997,0.738333,0.25061700000000003,2301,3934,6235
372,2012-01-07,1:spring,1,1,0,6:saturday,0,1,0.393333,0.390779,0.531667,0.174758,1070,3451,4521
696,2012-11-26,4:winter,1,11,0,1:monday,1,1,0.313333,0.33900399999999997,0.535417,0.04665,337,4750,5087
612,2012-09-03,3:fall,1,9,1,1:monday,0,1,0.7075,0.661629,0.790833,0.151121,1965,4069,6034
225,2011-08-13,3:fall,0,8,0,6:saturday,0,2,0.685833,0.645858,0.729583,0.211454,1504,2646,4150
105,2011-04-15,2:summer,0,4,1,5:friday,0,1,0.446667,0.441913,0.67125,0.226375,642,2484,3126
158,2011-06-07,2:summer,0,6,0,2:tuesday,1,1,0.7075,0.65595,0.597917,0.187808,763,4070,4833
590,2012-08-12,3:fall,1,8,0,0:sunday,0,1,0.700833,0.644579,0.530417,0.122512,2182,4362,6544
500,2012-05-14,2:summer,1,5,0,1:monday,1,2,0.573333,0.5499,0.789583,0.21269200000000002,342,2501,2843
72,2011-03-13,1:spring,0,3,0,0:sunday,0,1,0.384348,0.380091,0.5273909999999999,0.270604,982,1435,2417
336,2011-12-02,4:winter,0,12,0,5:friday,1,1,0.31416700000000003,0.331433,0.625833,0.100754,268,3672,3940
16,2011-01-16,1:spring,0,1,0,0:sunday,0,1,0.231667,0.234217,0.48375,0.188433,251,953,1204
534,2012-06-17,2:summer,1,6,0,0:sunday,0,1,0.5925,0.571975,0.59875,0.144904,2634,4344,6978
564,2012-07-17,3:fall,1,7,0,2:tuesday,1,1,0.818333,0.755683,0.505833,0.114429,921,5865,6786
708,2012-12-08,4:winter,1,12,0,6:saturday,0,2,0.38166700000000003,0.38950799999999997,0.91125,0.101379,1153,4429,5582
541,2012-06-24,3:fall,1,6,0,0:sunday,0,1,0.743333,0.674254,0.479167,0.145525,2551,4340,6891
249,2011-09-06,3:fall,0,9,0,2:tuesday,1,3,0.54,0.5152,0.886957,0.343943,204,2506,2710
208,2011-07-27,3:fall,0,7,0,3:wednesday,1,1,0.775,0.690667,0.402917,0.18346300000000001,755,3901,4656
551,2012-07-04,3:fall,1,7,1,3:wednesday,0,1,0.789167,0.732337,0.53875,0.13495,2562,4841,7403
406,2012-02-10,1:spring,1,2,0,5:friday,1,2,0.280833,0.293558,0.54,0.11692899999999999,227,3604,3831
4,2011-01-04,1:spring,0,1,0,2:tuesday,1,1,0.2,0.21212199999999998,0.590435,0.160296,108,1454,1562
559,2012-07-12,3:fall,1,7,0,4:thursday,1,1,0.7158329999999999,0.654683,0.529583,0.146775,1032,6414,7446
108,2011-04-18,2:summer,0,4,0,1:monday,1,1,0.5125,0.503146,0.5425,0.16356700000000002,669,2760,3429
395,2012-01-30,1:spring,1,1,0,1:monday,1,1,0.269167,0.262625,0.400833,0.215792,126,3498,3624
151,2011-05-31,2:summer,0,5,0,2:tuesday,1,1,0.775,0.725383,0.636667,0.111329,673,3309,3982
641,2012-10-02,4:winter,1,10,0,2:tuesday,1,3,0.5908329999999999,0.542333,0.871667,0.104475,315,4324,4639
307,2011-11-03,4:winter,0,11,0,4:thursday,1,1,0.408333,0.405921,0.702083,0.136817,318,3656,3974
298,2011-10-25,4:winter,0,10,0,2:tuesday,1,1,0.471667,0.463375,0.622917,0.166658,695,3992,4687
117,2011-04-27,2:summer,0,4,0,3:wednesday,1,2,0.62,0.575142,0.835417,0.3122,547,3325,3872
606,2012-08-28,3:fall,1,8,0,2:tuesday,1,1,0.728333,0.66605,0.62,0.190925,935,6105,7040
303,2011-10-30,4:winter,0,10,0,0:sunday,0,1,0.31916700000000003,0.321329,0.62375,0.176617,885,2446,3331
196,2011-07-15,3:fall,0,7,0,5:friday,1,1,0.663333,0.624371,0.59125,0.182833,1318,4220,5538
306,2011-11-02,4:winter,0,11,0,3:wednesday,1,1,0.3775,0.390133,0.71875,0.08209169999999999,370,3816,4186
237,2011-08-25,3:fall,0,8,0,4:thursday,1,2,0.684167,0.645854,0.771667,0.210833,435,3107,3542
85,2011-03-26,2:summer,0,3,0,6:saturday,0,1,0.265833,0.257571,0.394167,0.209571,981,1515,2496
295,2011-10-22,4:winter,0,10,0,6:saturday,0,1,0.4225,0.425492,0.629167,0.09266669999999999,1499,2809,4308
140,2011-05-20,2:summer,0,5,0,5:friday,1,1,0.536667,0.529042,0.719583,0.125013,909,4008,4917
415,2012-02-19,1:spring,1,2,0,0:sunday,0,2,0.28,0.265788,0.515833,0.253112,618,2071,2689
639,2012-09-30,4:winter,1,9,0,0:sunday,0,1,0.526667,0.517663,0.583333,0.134958,2015,4874,6889
719,2012-12-19,4:winter,1,12,0,3:wednesday,1,1,0.3325,0.34216199999999997,0.625417,0.184092,333,4934,5267
176,2011-06-25,3:fall,0,6,0,6:saturday,0,1,0.695,0.643313,0.483333,0.209571,1782,3420,5202
627,2012-09-18,3:fall,1,9,0,2:tuesday,1,2,0.623333,0.565067,0.8725,0.357587,371,3702,4073
1,2011-01-01,1:spring,0,1,0,6:saturday,0,2,0.344167,0.363625,0.805833,0.160446,331,654,985
291,2011-10-18,4:winter,0,10,0,2:tuesday,1,2,0.5325,0.522721,0.701667,0.11008699999999999,637,4111,4748
30,2011-01-30,1:spring,0,1,0,0:sunday,0,1,0.216522,0.250322,0.722174,0.0739826,140,956,1096
308,2011-11-04,4:winter,0,11,0,5:friday,1,2,0.403333,0.40339200000000003,0.6225,0.271779,470,3576,4046
166,2011-06-15,2:summer,0,6,0,3:wednesday,1,1,0.626667,0.587754,0.471667,0.16791199999999998,769,4411,5180
344,2011-12-10,4:winter,0,12,0,6:saturday,0,1,0.275,0.266412,0.5075,0.233221,502,2688,3190
11,2011-01-11,1:spring,0,1,0,2:tuesday,1,2,0.16909100000000002,0.19146400000000002,0.6863640000000001,0.12213199999999999,43,1220,1263
707,2012-12-07,4:winter,1,12,0,5:friday,1,2,0.320833,0.32195799999999997,0.764167,0.1306,349,4659,5008
91,2011-04-01,2:summer,0,4,0,5:friday,1,2,0.3,0.283454,0.68625,0.258708,307,1920,2227
139,2011-05-19,2:summer,0,5,0,4:thursday,1,2,0.530833,0.510742,0.829583,0.10821300000000002,735,3840,4575
391,2012-01-26,1:spring,1,1,0,4:thursday,1,2,0.341667,0.35605,0.769583,0.07339580000000001,244,3831,4075
279,2011-10-06,4:winter,0,10,0,4:thursday,1,1,0.494167,0.480425,0.620833,0.134954,639,4126,4765
331,2011-11-27,4:winter,0,11,0,0:sunday,0,1,0.459167,0.4558,0.698333,0.208954,810,2261,3071
329,2011-11-25,4:winter,0,11,0,5:friday,1,1,0.375,0.380671,0.64375,0.0988958,1095,1697,2792
491,2012-05-05,2:summer,1,5,0,6:saturday,0,2,0.621667,0.584608,0.756667,0.15299200000000002,2496,4387,6883
712,2012-12-12,4:winter,1,12,0,3:wednesday,1,2,0.2975,0.297338,0.538333,0.162937,310,5009,5319
56,2011-02-25,1:spring,0,2,0,5:friday,1,2,0.364348,0.350461,0.712174,0.346539,120,1341,1461
100,2011-04-10,2:summer,0,4,0,0:sunday,0,2,0.426667,0.426737,0.8575,0.146767,1188,1707,2895
153,2011-06-02,2:summer,0,6,0,4:thursday,1,1,0.715,0.643942,0.305,0.29228699999999996,736,4232,4968
583,2012-08-05,3:fall,1,8,0,0:sunday,0,1,0.769167,0.731079,0.6525,0.290421,1707,3757,5464
246,2011-09-03,3:fall,0,9,0,6:saturday,0,1,0.669167,0.633213,0.716667,0.185325,1935,2549,4484
195,2011-07-14,3:fall,0,7,0,4:thursday,1,1,0.680833,0.635104,0.47625,0.24066700000000002,888,4196,5084
192,2011-07-11,3:fall,0,7,0,1:monday,1,1,0.7625,0.729804,0.635833,0.282337,723,3363,4086
221,2011-08-09,3:fall,0,8,0,2:tuesday,1,1,0.775,0.724121,0.570417,0.151121,907,3695,4602
29,2011-01-29,1:spring,0,1,0,6:saturday,0,1,0.196522,0.212126,0.6517390000000001,0.14536500000000002,123,975,1098
231,2011-08-19,3:fall,0,8,0,5:friday,1,2,0.685,0.633221,0.722917,0.139308,797,3356,4153
353,2011-12-19,4:winter,0,12,0,1:monday,1,1,0.276667,0.280933,0.6375,0.172896,260,3143,3403
501,2012-05-15,2:summer,1,5,0,2:tuesday,1,2,0.611667,0.576404,0.794583,0.147392,625,4490,5115
367,2012-01-02,1:spring,1,1,1,1:monday,0,1,0.273043,0.252304,0.381304,0.329665,244,1707,1951
621,2012-09-12,3:fall,1,9,0,3:wednesday,1,1,0.599167,0.570075,0.577083,0.131846,1050,6820,7870
179,2011-06-28,3:fall,0,6,0,2:tuesday,1,1,0.744167,0.692558,0.634167,0.144283,732,3916,4648
618,2012-09-09,3:fall,1,9,0,0:sunday,0,1,0.61,0.578925,0.5475,0.224496,2570,5657,8227
202,2011-07-21,3:fall,0,7,0,4:thursday,1,2,0.815,0.826371,0.69125,0.222021,632,3152,3784
253,2011-09-10,3:fall,0,9,0,6:saturday,0,1,0.66,0.607962,0.75375,0.153608,1750,3595,5345
603,2012-08-25,3:fall,1,8,0,6:saturday,0,2,0.661667,0.618696,0.712917,0.244408,1829,4224,6053
35,2011-02-04,1:spring,0,2,0,5:friday,1,2,0.211304,0.22858699999999998,0.585217,0.127839,88,1620,1708
33,2011-02-02,1:spring,0,2,0,3:wednesday,1,2,0.26,0.254417,0.775417,0.264308,72,1454,1526
497,2012-05-11,2:summer,1,5,0,5:friday,1,1,0.533333,0.520833,0.360417,0.23693699999999998,1319,5711,7030
463,2012-04-07,2:summer,1,4,0,6:saturday,0,1,0.4375,0.426129,0.25416700000000003,0.274871,3252,3605,6857
20,2011-01-20,1:spring,0,1,0,4:thursday,1,2,0.261667,0.25505,0.538333,0.195904,83,1844,1927
95,2011-04-05,2:summer,0,4,0,2:tuesday,1,2,0.414167,0.39835,0.642083,0.388067,167,1628,1795
68,2011-03-09,1:spring,0,3,0,3:wednesday,1,2,0.295833,0.286608,0.775417,0.22015,191,1700,1891
264,2011-09-21,3:fall,0,9,0,3:wednesday,1,2,0.595,0.5505329999999999,0.9,0.0964042,539,3813,4352
672,2012-11-02,4:winter,1,11,0,5:friday,1,1,0.355,0.356042,0.522083,0.266175,618,5229,5847
43,2011-02-12,1:spring,0,2,0,6:saturday,0,1,0.2225,0.232954,0.544167,0.20336700000000002,288,1184,1472
582,2012-08-04,3:fall,1,8,0,6:saturday,0,1,0.793333,0.751267,0.613333,0.257458,2345,4479,6824
366,2012-01-01,1:spring,1,1,0,0:sunday,0,1,0.37,0.375621,0.6925,0.192167,686,1608,2294
538,2012-06-21,3:fall,1,6,0,4:thursday,1,1,0.805833,0.752542,0.567917,0.11878699999999999,778,5127,5905
723,2012-12-23,1:spring,1,12,0,0:sunday,0,1,0.245833,0.259471,0.515417,0.13308299999999998,408,1379,1787
25,2011-01-25,1:spring,0,1,0,2:tuesday,1,2,0.223478,0.234526,0.616957,0.129796,186,1799,1985
203,2011-07-22,3:fall,0,7,0,5:friday,1,1,0.848333,0.8408959999999999,0.580417,0.1331,562,2825,3387
390,2012-01-25,1:spring,1,1,0,3:wednesday,1,1,0.294167,0.294821,0.64375,0.161071,467,3803,4270
522,2012-06-05,2:summer,1,6,0,2:tuesday,1,2,0.540833,0.525892,0.613333,0.209575,968,6033,7001
24,2011-01-24,1:spring,0,1,0,1:monday,1,1,0.0973913,0.11793,0.49173900000000004,0.15833,86,1330,1416
125,2011-05-05,2:summer,0,5,0,4:thursday,1,1,0.459167,0.441917,0.44416700000000003,0.295392,614,3819,4433
580,2012-08-02,3:fall,1,8,0,4:thursday,1,1,0.7525,0.707088,0.659583,0.129354,983,6278,7261
318,2011-11-14,4:winter,0,11,0,1:monday,1,1,0.53,0.524612,0.587083,0.306596,595,3891,4486
651,2012-10-12,4:winter,1,10,0,5:friday,1,1,0.4375,0.433071,0.539167,0.235092,1060,6222,7282
310,2011-11-06,4:winter,0,11,0,0:sunday,0,1,0.348333,0.362358,0.734583,0.09205419999999999,952,2697,3649
703,2012-12-03,4:winter,1,12,0,1:monday,1,1,0.4525,0.455796,0.7675,0.08272080000000001,555,5679,6234
275,2011-10-02,4:winter,0,10,0,0:sunday,0,2,0.356667,0.345317,0.791667,0.22201300000000002,616,2302,2918
64,2011-03-05,1:spring,0,3,0,6:saturday,0,2,0.384167,0.378779,0.789167,0.251871,640,1437,2077
728,2012-12-28,1:spring,1,12,0,5:friday,1,2,0.253333,0.255046,0.59,0.155471,644,2451,3095
285,2011-10-12,4:winter,0,10,0,3:wednesday,1,3,0.543333,0.517717,0.90625,0.24815,217,2199,2416
444,2012-03-19,1:spring,1,3,0,1:monday,1,1,0.545,0.532821,0.72875,0.16231700000000002,982,5171,6153
283,2011-10-10,4:winter,0,10,1,1:monday,0,1,0.570833,0.542925,0.73375,0.0423042,1514,3603,5117
247,2011-09-04,3:fall,0,9,0,0:sunday,0,1,0.709167,0.665429,0.742083,0.206467,2521,2419,4940
561,2012-07-14,3:fall,1,7,0,6:saturday,0,2,0.703333,0.666042,0.699167,0.143679,2355,4614,6969
227,2011-08-15,3:fall,0,8,0,1:monday,1,1,0.665833,0.616167,0.712083,0.208954,775,3563,4338
163,2011-06-12,2:summer,0,6,0,0:sunday,0,1,0.6925,0.643325,0.747917,0.16356700000000002,1467,2993,4460
552,2012-07-05,3:fall,1,7,0,4:thursday,1,1,0.8275,0.761367,0.457917,0.194029,1405,4836,6241
170,2011-06-19,2:summer,0,6,0,0:sunday,0,2,0.699167,0.645846,0.666667,0.102,1639,3105,4744
38,2011-02-07,1:spring,0,2,0,1:monday,1,1,0.271667,0.303658,0.738333,0.045408300000000006,120,1592,1712
699,2012-11-29,4:winter,1,11,0,4:thursday,1,1,0.28087,0.29842199999999997,0.555652,0.115522,243,5080,5323
67,2011-03-08,1:spring,0,3,0,2:tuesday,1,1,0.2925,0.3024,0.420833,0.12065,316,1817,2133
587,2012-08-09,3:fall,1,8,0,4:thursday,1,1,0.755833,0.699508,0.620417,0.1561,1196,6090,7286
132,2011-05-12,2:summer,0,5,0,4:thursday,1,1,0.535,0.523363,0.7475,0.189667,695,4169,4864
416,2012-02-20,1:spring,1,2,1,1:monday,0,1,0.28,0.273391,0.507826,0.22908299999999998,502,2627,3129
77,2011-03-18,1:spring,0,3,0,5:friday,1,1,0.54,0.5270090000000001,0.525217,0.231017,884,2355,3239
198,2011-07-17,3:fall,0,7,0,0:sunday,0,1,0.719167,0.669833,0.604167,0.245033,2006,3296,5302
6,2011-01-06,1:spring,0,1,0,4:thursday,1,1,0.204348,0.23320900000000003,0.518261,0.0895652,88,1518,1606
204,2011-07-23,3:fall,0,7,0,6:saturday,0,1,0.849167,0.804287,0.5,0.131221,987,2298,3285
215,2011-08-03,3:fall,0,8,0,3:wednesday,1,2,0.731667,0.679937,0.6575,0.13558299999999998,467,3107,3574
171,2011-06-20,2:summer,0,6,0,1:monday,1,2,0.635,0.595346,0.74625,0.155475,699,3311,4010
161,2011-06-10,2:summer,0,6,0,5:friday,1,1,0.755,0.703292,0.605,0.14055399999999998,815,3771,4586
78,2011-03-19,1:spring,0,3,0,6:saturday,0,1,0.4725,0.466525,0.37916700000000003,0.368167,1424,1693,3117
418,2012-02-22,1:spring,1,2,0,3:wednesday,1,1,0.395833,0.392667,0.567917,0.234471,394,4379,4773
401,2012-02-05,1:spring,1,2,0,0:sunday,0,2,0.265833,0.264521,0.687917,0.175996,318,2629,2947
485,2012-04-29,2:summer,1,4,0,0:sunday,0,1,0.458333,0.450121,0.587083,0.116908,2229,4075,6304
133,2011-05-13,2:summer,0,5,0,5:friday,1,2,0.5125,0.4943,0.863333,0.179725,692,3413,4105
157,2011-06-06,2:summer,0,6,0,1:monday,1,1,0.678333,0.621858,0.6,0.121896,673,3875,4548
259,2011-09-16,3:fall,0,9,0,5:friday,1,2,0.469167,0.461475,0.590417,0.164183,742,4018,4760
599,2012-08-21,3:fall,1,8,0,2:tuesday,1,1,0.649167,0.601025,0.67375,0.07277080000000001,1081,5925,7006
625,2012-09-16,3:fall,1,9,0,0:sunday,0,1,0.58,0.563125,0.57,0.09018330000000001,2166,5167,7333
180,2011-06-29,3:fall,0,6,0,3:wednesday,1,1,0.728333,0.654688,0.497917,0.261821,848,4377,5225
645,2012-10-06,4:winter,1,10,0,6:saturday,0,1,0.554167,0.538521,0.664167,0.268025,3031,4934,7965
677,2012-11-07,4:winter,1,11,0,3:wednesday,1,2,0.295833,0.274621,0.5475,0.304108,326,4709,5035
698,2012-11-28,4:winter,1,11,0,3:wednesday,1,1,0.296667,0.28976199999999996,0.50625,0.210821,198,5062,5260
212,2011-07-31,3:fall,0,7,0,0:sunday,0,1,0.805833,0.729796,0.480833,0.16481300000000002,1524,2778,4302
53,2011-02-22,1:spring,0,2,0,2:tuesday,1,1,0.182222,0.186033,0.577778,0.195683,74,1376,1450
209,2011-07-28,3:fall,0,7,0,4:thursday,1,1,0.779167,0.7399,0.583333,0.178479,606,3784,4390
39,2011-02-08,1:spring,0,2,0,2:tuesday,1,1,0.220833,0.198246,0.537917,0.36195,64,1466,1530
36,2011-02-05,1:spring,0,2,0,6:saturday,0,2,0.23333299999999998,0.243058,0.929167,0.161079,100,905,1005
124,2011-05-04,2:summer,0,5,0,3:wednesday,1,2,0.414167,0.40465,0.737083,0.328996,255,2378,2633
615,2012-09-06,3:fall,1,9,0,4:thursday,1,2,0.696667,0.655329,0.810417,0.142421,611,5592,6203
597,2012-08-19,3:fall,1,8,0,0:sunday,0,2,0.635833,0.603554,0.711667,0.08645,1208,3341,4549
492,2012-05-06,2:summer,1,5,0,0:sunday,0,2,0.5625,0.546737,0.74,0.14987899999999998,2135,4224,6359
409,2012-02-13,1:spring,1,2,0,1:monday,1,1,0.2225,0.227913,0.41125,0.167283,94,3328,3422
616,2012-09-07,3:fall,1,9,0,5:friday,1,1,0.703333,0.657204,0.73625,0.171646,1045,6459,7504
502,2012-05-16,2:summer,1,5,0,3:wednesday,1,1,0.636667,0.595975,0.697917,0.122512,991,6433,7424
26,2011-01-26,1:spring,0,1,0,3:wednesday,1,3,0.2175,0.2036,0.8625,0.29385,34,472,506
46,2011-02-15,1:spring,0,2,0,2:tuesday,1,1,0.26608699999999996,0.254274,0.314348,0.29137399999999997,140,1675,1815
688,2012-11-18,4:winter,1,11,0,0:sunday,0,1,0.3425,0.337746,0.692917,0.22761199999999998,922,3747,4669
411,2012-02-15,1:spring,1,2,0,3:wednesday,1,1,0.348333,0.35162899999999997,0.53125,0.1816,141,4028,4169
189,2011-07-08,3:fall,0,7,0,5:friday,1,2,0.709167,0.6704829999999999,0.757917,0.225129,692,3348,4040
268,2011-09-25,4:winter,0,9,0,0:sunday,0,2,0.634167,0.572637,0.845,0.0503792,1544,3466,5010
578,2012-07-31,3:fall,1,7,0,2:tuesday,1,1,0.713333,0.662896,0.704167,0.165425,968,6248,7216
86,2011-03-27,2:summer,0,3,0,0:sunday,0,2,0.25304299999999996,0.250339,0.493913,0.1843,472,1221,1693
620,2012-09-11,3:fall,1,9,0,2:tuesday,1,1,0.5775,0.554292,0.52,0.09205419999999999,1070,6697,7767
657,2012-10-18,4:winter,1,10,0,4:thursday,1,2,0.5225,0.512625,0.728333,0.23693699999999998,1008,6501,7509
63,2011-03-04,1:spring,0,3,0,5:friday,1,2,0.261667,0.255679,0.610417,0.203346,214,1730,1944
450,2012-03-25,2:summer,1,3,0,0:sunday,0,2,0.4375,0.437488,0.880833,0.220775,1532,3464,4996
3,2011-01-03,1:spring,0,1,0,1:monday,1,1,0.196364,0.189405,0.43727299999999997,0.248309,120,1229,1349
263,2011-09-20,3:fall,0,9,0,2:tuesday,1,2,0.561667,0.532217,0.88125,0.134954,438,3203,3641
540,2012-06-23,3:fall,1,6,0,6:saturday,0,1,0.731667,0.652792,0.534583,0.179721,2657,4801,7458
684,2012-11-14,4:winter,1,11,0,3:wednesday,1,1,0.289167,0.281563,0.552083,0.199625,373,5122,5495
647,2012-10-08,4:winter,1,10,1,1:monday,0,2,0.383333,0.387608,0.709583,0.189679,874,4604,5478
650,2012-10-11,4:winter,1,10,0,4:thursday,1,1,0.435,0.431167,0.463333,0.181596,834,6736,7570
475,2012-04-19,2:summer,1,4,0,4:thursday,1,1,0.49833299999999997,0.493046,0.6125,0.0659292,846,5719,6565
631,2012-09-22,3:fall,1,9,0,6:saturday,0,1,0.65,0.610488,0.646667,0.283583,2512,5883,8395
549,2012-07-02,3:fall,1,7,0,1:monday,1,1,0.781667,0.702038,0.447083,0.195267,904,5323,6227
635,2012-09-26,4:winter,1,9,0,3:wednesday,1,1,0.635,0.5966130000000001,0.630833,0.2444,787,6946,7733
136,2011-05-16,2:summer,0,5,0,1:monday,1,1,0.5775,0.550512,0.787917,0.126871,773,3185,3958
88,2011-03-29,2:summer,0,3,0,2:tuesday,1,1,0.3025,0.292908,0.31416700000000003,0.226996,317,2108,2425
23,2011-01-23,1:spring,0,1,0,0:sunday,0,1,0.0965217,0.09883910000000001,0.436522,0.2466,150,836,986
605,2012-08-27,3:fall,1,8,0,1:monday,1,1,0.703333,0.654688,0.730417,0.128733,989,5928,6917
496,2012-05-10,2:summer,1,5,0,4:thursday,1,1,0.505833,0.49178299999999997,0.552083,0.31406300000000004,1026,5546,6572
464,2012-04-08,2:summer,1,4,0,0:sunday,0,1,0.5,0.492425,0.275833,0.232596,2230,2939,5169
37,2011-02-06,1:spring,0,2,0,0:sunday,0,1,0.285833,0.291671,0.568333,0.1418,354,1269,1623
289,2011-10-16,4:winter,0,10,0,0:sunday,0,1,0.511667,0.503154,0.486667,0.281717,1748,3293,5041
201,2011-07-20,3:fall,0,7,0,3:wednesday,1,1,0.768333,0.74685,0.707083,0.113817,644,3688,4332
486,2012-04-30,2:summer,1,4,0,1:monday,1,2,0.464167,0.457696,0.57,0.171638,665,4907,5572
65,2011-03-06,1:spring,0,3,0,0:sunday,0,2,0.37652199999999997,0.366252,0.948261,0.343287,114,491,605
131,2011-05-11,2:summer,0,5,0,3:wednesday,1,1,0.5425,0.5284,0.632917,0.12064200000000001,550,3632,4182
356,2011-12-22,1:spring,0,12,0,4:thursday,1,2,0.423333,0.426121,0.7575,0.047275,227,2841,3068
278,2011-10-05,4:winter,0,10,0,3:wednesday,1,1,0.538333,0.527138,0.647917,0.17725,559,4267,4826
595,2012-08-17,3:fall,1,8,0,5:friday,1,1,0.723333,0.2424,0.570833,0.231354,1483,5665,7148
116,2011-04-26,2:summer,0,4,0,2:tuesday,1,1,0.631667,0.594083,0.729167,0.3265,678,3722,4400
591,2012-08-13,3:fall,1,8,0,1:monday,1,1,0.720833,0.662254,0.545417,0.136212,1207,5676,6883
288,2011-10-15,4:winter,0,10,0,6:saturday,0,1,0.506667,0.498725,0.483333,0.258083,1899,3318,5217
155,2011-06-04,2:summer,0,6,0,6:saturday,0,1,0.635,0.594696,0.45625,0.123142,1869,3473,5342
433,2012-03-08,1:spring,1,3,0,4:thursday,1,1,0.5275,0.524604,0.5675,0.441563,486,4896,5382
425,2012-02-29,1:spring,1,2,0,3:wednesday,1,2,0.344348,0.34847,0.804783,0.179117,65,1769,1834
609,2012-08-31,3:fall,1,8,0,5:friday,1,1,0.764167,0.6894,0.5875,0.168533,1433,5917,7350
364,2011-12-30,1:spring,0,12,0,5:friday,1,1,0.311667,0.318812,0.636667,0.13433699999999998,491,2508,2999
328,2011-11-24,4:winter,0,11,1,4:thursday,0,1,0.37333299999999997,0.372471,0.549167,0.167304,560,935,1495
104,2011-04-14,2:summer,0,4,0,4:thursday,1,1,0.4675,0.462742,0.540417,0.1107,529,2738,3267
600,2012-08-22,3:fall,1,8,0,3:wednesday,1,1,0.6675,0.621854,0.677083,0.0702833,1094,6281,7375
571,2012-07-24,3:fall,1,7,0,2:tuesday,1,1,0.750833,0.70645,0.655,0.211454,1140,6452,7592
143,2011-05-23,2:summer,0,5,0,1:monday,1,2,0.631667,0.590296,0.81,0.233842,836,3438,4274
531,2012-06-14,2:summer,1,6,0,4:thursday,1,1,0.648333,0.624383,0.569583,0.253733,1180,6183,7363
107,2011-04-17,2:summer,0,4,0,0:sunday,0,1,0.456667,0.445696,0.479583,0.303496,1558,2186,3744
18,2011-01-18,1:spring,0,1,0,2:tuesday,1,2,0.216667,0.23233299999999998,0.861667,0.146775,9,674,683
697,2012-11-27,4:winter,1,11,0,2:tuesday,1,2,0.291667,0.281558,0.786667,0.237562,123,3836,3959
272,2011-09-29,4:winter,0,9,0,4:thursday,1,1,0.616667,0.574512,0.699167,0.17288299999999998,653,4186,4839
554,2012-07-07,3:fall,1,7,0,6:saturday,0,1,0.861667,0.804913,0.492083,0.163554,1448,3392,4840
28,2011-01-28,1:spring,0,1,0,5:friday,1,2,0.203478,0.22331700000000002,0.793043,0.1233,38,1129,1167
112,2011-04-22,2:summer,0,4,0,5:friday,1,2,0.336667,0.321954,0.729583,0.219521,177,1506,1683
93,2011-04-03,2:summer,0,4,0,0:sunday,0,1,0.378333,0.378767,0.48,0.182213,1651,1598,3249
232,2011-08-20,3:fall,0,8,0,6:saturday,0,1,0.6975,0.648996,0.674167,0.104467,1914,3277,5191
509,2012-05-23,2:summer,1,5,0,3:wednesday,1,2,0.621667,0.584612,0.774583,0.102,766,4494,5260
382,2012-01-17,1:spring,1,1,0,2:tuesday,1,2,0.37304299999999996,0.36427800000000005,0.716087,0.34913,127,2808,2935
729,2012-12-29,1:spring,1,12,0,6:saturday,0,2,0.253333,0.2424,0.7529170000000001,0.124383,159,1182,1341
565,2012-07-18,3:fall,1,7,0,3:wednesday,1,1,0.793333,0.745583,0.577083,0.137442,799,4914,5713
82,2011-03-23,2:summer,0,3,0,3:wednesday,1,2,0.346957,0.337939,0.839565,0.23426100000000002,203,1918,2121
144,2011-05-24,2:summer,0,5,0,2:tuesday,1,2,0.66,0.604813,0.740833,0.207092,659,3833,4492
270,2011-09-27,4:winter,0,9,0,2:tuesday,1,2,0.636667,0.574525,0.885417,0.118171,477,3643,4120
520,2012-06-03,2:summer,1,6,0,0:sunday,0,1,0.6025,0.575133,0.49333299999999997,0.184087,2494,5147,7641
511,2012-05-25,2:summer,1,5,0,5:friday,1,1,0.68,0.627529,0.7470829999999999,0.14055,1417,5317,6734
517,2012-05-31,2:summer,1,5,0,4:thursday,1,1,0.68,0.631329,0.492917,0.195279,1100,6238,7338
352,2011-12-18,4:winter,0,12,0,0:sunday,0,1,0.238333,0.245579,0.58625,0.16977899999999999,220,2211,2431
667,2012-10-28,4:winter,1,10,0,0:sunday,0,2,0.4775,0.467771,0.694583,0.398008,998,3461,4459
469,2012-04-13,2:summer,1,4,0,5:friday,1,1,0.4425,0.43180799999999997,0.408333,0.155471,1252,5146,6398
186,2011-07-05,3:fall,0,7,0,2:tuesday,1,1,0.746667,0.696338,0.590417,0.12625799999999998,1031,3634,4665
588,2012-08-10,3:fall,1,8,0,5:friday,1,2,0.7158329999999999,0.667942,0.7158329999999999,0.238813,1065,4721,5786
488,2012-05-02,2:summer,1,5,0,3:wednesday,1,1,0.564167,0.537896,0.797083,0.138058,667,5502,6169
7,2011-01-07,1:spring,0,1,0,5:friday,1,2,0.196522,0.208839,0.49869600000000003,0.168726,148,1362,1510
368,2012-01-03,1:spring,1,1,0,2:tuesday,1,1,0.15,0.126275,0.44125,0.365671,89,2147,2236
235,2011-08-23,3:fall,0,8,0,2:tuesday,1,1,0.640833,0.606067,0.455417,0.146763,1281,4614,5895
135,2011-05-15,2:summer,0,5,0,0:sunday,0,2,0.5625,0.536,0.867083,0.152979,1582,2971,4553
683,2012-11-13,4:winter,1,11,0,2:tuesday,1,2,0.343333,0.323225,0.662917,0.342046,327,3767,4094
57,2011-02-26,1:spring,0,2,0,6:saturday,0,1,0.2825,0.282192,0.537917,0.18657100000000001,424,1545,1969
49,2011-02-18,1:spring,0,2,0,5:friday,1,1,0.521667,0.511983,0.516667,0.264925,579,2348,2927
75,2011-03-16,1:spring,0,3,0,3:wednesday,1,2,0.365217,0.36693000000000003,0.776522,0.20311700000000002,321,1871,2192
234,2011-08-22,3:fall,0,8,0,1:monday,1,1,0.691667,0.638254,0.47,0.27675,833,3925,4758
316,2011-11-12,4:winter,0,11,0,6:saturday,0,1,0.356667,0.357942,0.552917,0.212062,1275,2792,4067
725,2012-12-25,1:spring,1,12,1,2:tuesday,0,2,0.291304,0.29446500000000003,0.734783,0.168726,440,573,1013
141,2011-05-21,2:summer,0,5,0,6:saturday,0,1,0.6025,0.571975,0.626667,0.12065,2258,3547,5805
473,2012-04-17,2:summer,1,4,0,2:tuesday,1,1,0.608333,0.598487,0.390417,0.273629,989,5702,6691
31,2011-01-31,1:spring,0,1,0,1:monday,1,2,0.180833,0.18625,0.60375,0.187192,42,1459,1501
674,2012-11-04,4:winter,1,11,0,0:sunday,0,1,0.325833,0.329538,0.532917,0.179108,1201,3906,5107
480,2012-04-24,2:summer,1,4,0,2:tuesday,1,1,0.413333,0.405283,0.454167,0.249383,518,5115,5633
720,2012-12-20,4:winter,1,12,0,4:thursday,1,2,0.33,0.335217,0.667917,0.132463,314,3814,4128
513,2012-05-27,2:summer,1,5,0,0:sunday,0,1,0.69,0.641425,0.697083,0.215171,3283,3308,6591
167,2011-06-16,2:summer,0,6,0,4:thursday,1,2,0.628333,0.595346,0.688333,0.20647100000000002,545,3222,3767
568,2012-07-21,3:fall,1,7,0,6:saturday,0,3,0.595833,0.549912,0.865417,0.2133,1264,3195,4459
714,2012-12-14,4:winter,1,12,0,5:friday,1,1,0.281667,0.294192,0.642917,0.13122899999999998,429,5182,5611
562,2012-07-15,3:fall,1,7,0,0:sunday,0,1,0.745833,0.705196,0.717917,0.166667,1920,4111,6031
505,2012-05-19,2:summer,1,5,0,6:saturday,0,1,0.6,0.566908,0.45625,0.083975,3410,4884,8294
581,2012-08-03,3:fall,1,8,0,5:friday,1,2,0.765833,0.722867,0.6425,0.215792,1328,5847,7175
172,2011-06-21,3:fall,0,6,0,2:tuesday,1,2,0.680833,0.637646,0.770417,0.171025,774,4061,4835
354,2011-12-20,4:winter,0,12,0,2:tuesday,1,2,0.385833,0.396454,0.595417,0.06157080000000001,216,3534,3750
299,2011-10-26,4:winter,0,10,0,3:wednesday,1,2,0.484167,0.472846,0.720417,0.148642,404,3490,3894
722,2012-12-22,1:spring,1,12,0,6:saturday,0,1,0.265833,0.23611300000000002,0.44125,0.407346,205,1544,1749
94,2011-04-04,2:summer,0,4,0,1:monday,1,1,0.573333,0.542929,0.42625,0.385571,734,2381,3115
325,2011-11-21,4:winter,0,11,0,1:monday,1,3,0.4475,0.445062,0.91,0.138054,220,2545,2765
515,2012-05-29,2:summer,1,5,0,2:tuesday,1,1,0.7225,0.672992,0.6845829999999999,0.2954,880,4863,5743
421,2012-02-25,1:spring,1,2,0,6:saturday,0,1,0.290833,0.255675,0.395833,0.421642,317,2415,2732
362,2011-12-28,1:spring,0,12,0,3:wednesday,1,1,0.29913,0.279974,0.503913,0.29396100000000003,255,2047,2302
519,2012-06-02,2:summer,1,6,0,6:saturday,0,1,0.583333,0.566288,0.549167,0.18656199999999998,2795,5325,8120
392,2012-01-27,1:spring,1,1,0,5:friday,1,2,0.425,0.415383,0.74125,0.342667,269,3187,3456
355,2011-12-21,1:spring,0,12,0,3:wednesday,1,2,0.428333,0.428017,0.858333,0.2214,107,2553,2660
97,2011-04-07,2:summer,0,4,0,4:thursday,1,1,0.4375,0.433696,0.602917,0.16231199999999998,571,2570,3141
721,2012-12-21,1:spring,1,12,0,5:friday,1,2,0.326667,0.301767,0.556667,0.37438299999999997,221,3402,3623
417,2012-02-21,1:spring,1,2,0,2:tuesday,1,1,0.287826,0.295113,0.594348,0.205717,163,3614,3777
378,2012-01-13,1:spring,1,1,0,5:friday,1,1,0.274167,0.249362,0.5075,0.378108,174,3040,3214
369,2012-01-04,1:spring,1,1,0,3:wednesday,1,2,0.1075,0.11933699999999998,0.414583,0.1847,95,2273,2368
92,2011-04-02,2:summer,0,4,0,6:saturday,0,2,0.315,0.315637,0.65375,0.19714600000000002,898,1354,2252
207,2011-07-26,3:fall,0,7,0,2:tuesday,1,1,0.771667,0.696979,0.540833,0.200258,750,3840,4590
426,2012-03-01,1:spring,1,3,0,4:thursday,1,1,0.485833,0.475371,0.615417,0.226987,325,4665,4990
260,2011-09-17,3:fall,0,9,0,6:saturday,0,2,0.491667,0.478512,0.718333,0.189675,1434,3077,4511
183,2011-07-02,3:fall,0,7,0,6:saturday,0,1,0.738333,0.667308,0.444583,0.11506199999999998,2204,2915,5119
398,2012-02-02,1:spring,1,2,0,4:thursday,1,2,0.399167,0.398971,0.672917,0.187187,190,3571,3761
5,2011-01-05,1:spring,0,1,0,3:wednesday,1,1,0.22695700000000002,0.22926999999999997,0.436957,0.1869,82,1518,1600
470,2012-04-14,2:summer,1,4,0,6:saturday,0,1,0.495,0.487996,0.5029170000000001,0.190917,2795,4665,7460
60,2011-03-01,1:spring,0,3,0,2:tuesday,1,1,0.266667,0.263879,0.535,0.216425,137,1714,1851
123,2011-05-03,2:summer,0,5,0,2:tuesday,1,2,0.616667,0.582079,0.697083,0.342667,603,3848,4451
96,2011-04-06,2:summer,0,4,0,3:wednesday,1,1,0.390833,0.387608,0.470833,0.263063,413,2395,2808
521,2012-06-04,2:summer,1,6,0,1:monday,1,1,0.5975,0.578283,0.487083,0.284833,1071,5927,6998
634,2012-09-25,4:winter,1,9,0,2:tuesday,1,1,0.55,0.544179,0.57,0.236321,845,6693,7538
596,2012-08-18,3:fall,1,8,0,6:saturday,0,1,0.678333,0.618071,0.603333,0.177867,2827,5038,7865
19,2011-01-19,1:spring,0,1,0,3:wednesday,1,2,0.292174,0.29842199999999997,0.741739,0.208317,78,1572,1650
142,2011-05-22,2:summer,0,5,0,0:sunday,0,1,0.604167,0.5745,0.749583,0.148008,1576,3084,4660
666,2012-10-27,4:winter,1,10,0,6:saturday,0,2,0.53,0.515133,0.72,0.235692,2643,5209,7852
408,2012-02-12,1:spring,1,2,0,0:sunday,0,1,0.1275,0.101658,0.46458299999999997,0.40921199999999996,73,1456,1529
479,2012-04-23,2:summer,1,4,0,1:monday,1,2,0.321667,0.301125,0.766667,0.303496,195,3019,3214
460,2012-04-04,2:summer,1,4,0,3:wednesday,1,1,0.541667,0.53345,0.469583,0.180975,1058,5378,6436
262,2011-09-19,3:fall,0,9,0,1:monday,1,2,0.549167,0.529675,0.69,0.15174200000000002,691,3848,4539
405,2012-02-09,1:spring,1,2,0,4:thursday,1,1,0.265,0.261988,0.562083,0.194037,163,3667,3830
66,2011-03-07,1:spring,0,3,0,1:monday,1,1,0.261739,0.238461,0.551304,0.341352,244,1628,1872
228,2011-08-16,3:fall,0,8,0,2:tuesday,1,1,0.700833,0.645837,0.578333,0.23632899999999998,721,4004,4725
717,2012-12-17,4:winter,1,12,0,1:monday,1,2,0.393333,0.4015,0.907083,0.0982583,212,4373,4585
393,2012-01-28,1:spring,1,1,0,6:saturday,0,1,0.315833,0.326379,0.543333,0.210829,775,3248,4023
713,2012-12-13,4:winter,1,12,0,4:thursday,1,1,0.295833,0.294188,0.485833,0.174129,425,5107,5532
34,2011-02-03,1:spring,0,2,0,4:thursday,1,1,0.18695699999999998,0.177878,0.43782600000000005,0.277752,61,1489,1550
431,2012-03-06,1:spring,1,3,0,2:tuesday,1,1,0.258333,0.255042,0.456667,0.200875,221,3735,3956
383,2012-01-18,1:spring,1,1,0,3:wednesday,1,1,0.303333,0.275254,0.443333,0.415429,109,3267,3376
623,2012-09-14,3:fall,1,9,0,5:friday,1,1,0.633333,0.594083,0.6725,0.10386300000000001,1379,6630,8009
524,2012-06-07,2:summer,1,6,0,4:thursday,1,1,0.6025,0.569442,0.567083,0.15735,1038,6456,7494
718,2012-12-18,4:winter,1,12,0,2:tuesday,1,1,0.410833,0.409708,0.66625,0.221404,433,5124,5557
709,2012-12-09,4:winter,1,12,0,0:sunday,0,2,0.384167,0.390146,0.905417,0.157975,441,2787,3228
493,2012-05-07,2:summer,1,5,0,1:monday,1,2,0.5375,0.527142,0.664167,0.230721,1008,5265,6273
